TT,lon,lat,huyen,xa,thon,the_tich,dien_tich,quy_mo,mo_ta
1,106.9833943,16.51435055,Đakrông,Húc Nghì,Húc Nghì,900,600,Quy mô trung bình,"Sườn phía đông của đỉnh cao 215,7m, cách UBND xã Húc Nghi khoảng 500m về phía nam, gần khu tái định cư thủy điện Đakrông 1"
2,106.98558,16.52090328,Đakrông,Húc Nghì,Húc Nghì,5600,2240,Quy mô lớn,"Tại taluy dương đường Hồ Chí Minh, đoạn từ cầu Đakrông đi A Lưới qua thôn Húc Nghì; cách UBND xã Húc Nghì khoảng 200m"
3,106.9892825,16.52043328,Đakrông,Húc Nghì,Húc Nghì,825,550,Quy mô trung bình,"Tại đỉnh khe cao chảy hướng tây, thuộc sườn phía tây của đỉnh cao 309,6m; cách trường Tiểu học Húc Nghì khoảng 800m về phía đông"
4,106.9891846,16.51583345,Đakrông,Húc Nghì,Húc Nghì,9750,3900,Quy mô lớn,"Tại sườn phía tây đỉnh cao 282,5m; tại đỉnh của khe nhỏ chảy hướng tây nam; phía tây khu tái định cư thủy điện ĐaKrông 1"
5,106.9903009,16.54254946,Đakrông,Tà Long,Ly Tôn,36,36,Quy mô nhỏ,
6,106.9714882,16.52158435,Đakrông,Tà Long,Ly Tôn,160,160,Quy mô nhỏ,
7,106.9691281,16.3172031,Đakrông,A Ngo,La Hay,170,170,Quy mô nhỏ,
8,106.9660297,16.34056453,Đakrông,A Ngo,La Hay,138,138,Quy mô nhỏ,
9,106.9662532,16.36035481,Đakrông,A Ngo,La Hay,99,99,Quy mô nhỏ,
10,106.9431497,16.9625241,Vĩnh Linh,Vĩnh Trường,Gia Voòng,90,90,Quy mô nhỏ,Sát bên phải đường Hồ Chí Minh nhánh Đông (hướng Quảng Trị đi Quảng Bình); cách cầu số 1 khoảng 180m về phía 325o
11,106.926543,16.98698696,Vĩnh Linh,Vĩnh Hà,,20,20,Quy mô nhỏ,Bên phải đường Hồ Chí Minh nhánh Đông (hướng Quảng Trị đi Quảng Bình); cách cầu Rào Trường 170m về phía 310o
12,106.8425865,16.83372116,Gio Linh,Linh Thượng,,525,350,Quy mô trung bình,"Nằm tại sườn phía đông cảu đỉnh cao 466,6m"
13,106.8335298,16.83422109,Gio Linh,Linh Thượng,,660,440,Quy mô trung bình,"Tại sườn phía bắc của đỉnh cao 427,2m, nằm về phía 275o của đỉnh cao 466,6m"
14,106.8396368,16.94028593,Vĩnh Linh,Vĩnh Ô,,72,72,Quy mô nhỏ,Vách taluy dương cạnh đường
15,106.8334831,16.93197452,Vĩnh Linh,Vĩnh Ô,,60,60,Quy mô nhỏ,Vách taluy dương bên phải hành trình phân bố trong hệ tầng Long Đại
16,106.8120097,16.89693846,Vĩnh Linh,Vĩnh Ô,,2500,1000,Quy mô lớn,"Khu vực trượt cổ đã cải tạo để trồng cây, sườn đồi cạnh đường nhựa, suối chảy qua chân"
17,106.7935917,16.9345348,Vĩnh Linh,Vĩnh Ô,Khe Lai Hai,750,500,Quy mô trung bình,"Khu rừng phòng hộ Động Châu, huyện Vĩnh Linh"
18,106.827992,16.94709532,Vĩnh Linh,Vĩnh Ô,Khe Lai Hai,320,213.33,Quy mô trung bình,"Khu rừng nguyên sinh, rừng phòng hộ Động Châu, huyện Vĩnh Linh"
19,106.7857113,16.84578018,Gio Linh,Linh Thượng,Bảo Thúc,120,120,Quy mô nhỏ,"Khu đồi cao, gần đỉnh cao 466,6m"
20,106.7026119,16.55705044,Hướng Hóa,Hướng Lộc,Trầm,36,36,Quy mô nhỏ,"Điểm khảo sát cách điểm QT.005019.KS khoảng 1km về phía tây bắc, nằm bên phải đường liên thôn hướng về phía 330o"
21,106.7176504,16.55381851,Hướng Hóa,Hướng Lộc,Pa Xía,935,623.33,Quy mô trung bình,"Nằm cách điểm QT.005019.KS khoảng 950m về phía 65o; nằm cách sườn phía nam của đỉnh cao 524,5m, cách đỉnh 100m"
22,106.7224923,16.50989125,Hướng Hóa,A Túc,Ba Linh,525,350,Quy mô trung bình,Nằm cách điểm QT.005044.KS khoảng 770m về phía 185o
23,106.8086166,16.53981997,Hướng Hóa,TT. Khe,Khối phố 6,96,96,Quy mô nhỏ,"Cách điểm QT.005053.KS khoảng 900m về phía 235o, cách ngã ba suối khoảng 80m về phía Đông Bắc"
24,106.8090807,16.5344103,Hướng Hóa,Ba Tầng,,72,72,Quy mô nhỏ,"Cách điểm QT.005061.KS khoảng 870m về phía 230o, nằm tại sườn phía đông của đỉnh cao 517,6m cách đỉnh khoảng 80m"
25,106.8075142,16.53628979,Hướng Hóa,Ba Tầng,,200,133.33,Quy mô trung bình,"Từ vị trí đứng quan sát về phía 260o tại sườn phía nam đông nam của đỉnh cao 513,7m."
26,106.813033,16.52839703,Hướng Hóa,Ba Tầng,Măng Sông,90,90,Quy mô nhỏ,"Cách điểm QT.005062.KS khoảng 600m về phía nam thuộc thôn Măng Sông, xã Ba Tầng"
27,106.7948158,16.52813001,Hướng Hóa,Ba Tầng,Măng Sông,715,476.67,Quy mô trung bình,"Cách điểm QT.005064.KS khoảng 800m về phía 150o, nằm ngang sát cột biển báo đường đi gấp khúc"
28,106.658859,16.65489466,Hướng Hóa,Ba Tầng,Vầng,390,260,Quy mô trung bình,Điểm khảo sát nằm bên phải bờ suối Klong theo hướng ngược dòng về phía Bắc. Cách điểm QT.005077.KS khoảng 450 về phía 60o
29,106.661725,16.65518423,Hướng Hóa,Tân Thành,Xa Rương,135,135,Quy mô nhỏ,Cách điểm QT.005082.KS khoảng 930m về phía 110o
30,106.6642348,16.6554805,Hướng Hóa,Tân Thành,Xa Rương,30,30,Quy mô nhỏ,Cách điểm QT.005083.KS khoảng 300m về phía 80o
31,106.7301588,16.70023072,Hướng Hóa,Tân Thành,Xa Rương,95,95,Quy mô nhỏ,Cách điểm QT.005084.KS khoảng
32,106.7290149,16.70024177,Hướng Hóa,Tân,Xa Rương,90,90,Quy mô nhỏ,Cách điểm đứng quan sát điểm QT.005094.KS
33,106.7227487,16.69655294,Hướng Hóa,Hướng Linh,Xa Bài,513,342,Quy mô trung bình,Cách điểm QT.005095.KS khoảng 130m về phía Đông
34,106.7185721,16.69585851,Hướng Hóa,Hướng Linh,Xa Bài,540,360,Quy mô trung bình,Cách điểm QT.005096.KS khoảng 800m về phía 240o thuộc thôn
35,106.6982778,16.73975999,Hướng Hóa,Hướng Linh,,2732,1092.8,Quy mô lớn,"Từ vị trí đứng quan sát theo hướng 340o về phía sườn đông nam của đỉnh cao 1282,4m, chênh cao so với đỉnh khoảng 600-700m"
36,106.7152145,16.69747306,Hướng Hóa,Hướng Linh,,290,193.33,Quy mô trung bình,"Cách điểm QT.005097.KS khoảng 450m về phía 260o nằm về phía 330o của đỉnh cao 959,3m, cách đỉnh 850m"
37,106.7112449,16.69667134,Hướng Hóa,Hướng Linh,,231,154,Quy mô trung bình,"Cách điểm QT.005102.KS khoảng 400m về phía 320o ; nằm cách đỉnh cao 571,7m khoảng 75m về phía 340o"
38,106.7361354,16.70950135,Hướng Hóa,Hướng Linh,,65,65,Quy mô nhỏ,Cách điểm QT.005103.KS khoảng 430m về phía 255o
39,106.7127298,16.70871545,Hướng Hóa,Hướng Linh,Xa Bài,2025,810,Quy mô lớn,"Nằm cách ngã 3 đường khoảng 110m về phía 300o, cách điểm QT. 005903.KS khoảng 320m về phía 25o"
40,106.5952144,16.74398117,Hướng Hóa,Hướng Linh,Xa Bài,40,40,Quy mô nhỏ,Nằm cách điểm QT.005112.KS khoảng 920m về phía 240o
41,106.6004396,16.73854158,Hướng Hóa,Hướng Phùng,Cò Nhổi,95,95,Quy mô nhỏ,"Cách điểm QT.005117.KS khoảng 470m về phía 75o nằm cách đỉnh cao 686,6m khoảng 240m về phía 140o"
42,106.6012453,16.73734541,Hướng Hóa,Hướng Phùng,Cò Nhổi,54,54,Quy mô nhỏ,Cách điểm QT.005118.KS khoảng 820m về phía 145o nằm cách đoạn suối nhỏ cắt qua đường khoảng 80m về phía 130o
43,106.6052764,16.73617106,Hướng Hóa,Hướng Phùng,Cò Nhổi,63,63,Quy mô nhỏ,Cách điểm QT.005119.KS khoảng 160m về phía 150o
44,106.6072793,16.73538951,Hướng Hóa,Hướng Phùng,Cò Nhổi,70,70,Quy mô nhỏ,"Nằm tại kè thoát nước của đường, cách điểm QT.00120.KS khoảng 450m về phía 130o"
45,106.6098886,16.7350186,Hướng Hóa,Hướng Phùng,Cò Nhổi,95,95,Quy mô nhỏ,"Cách điểm QT.005121.KS khoảng 235m về phía 140o, cách cột mốc 42/216 khoảng 15m về phía 130o"
46,106.6127427,16.73321276,Hướng Hóa,Hướng Phùng,Cò Nhổi,90,90,Quy mô nhỏ,"Cách điểm khảo sát QT.005122 cách đỉnh cao 671,2m khoảng 500m về phía 60o"
47,106.5638517,16.80979053,Hướng Hóa,Hướng Phùng,Cò Nhổi,90,90,Quy mô nhỏ,Cách điểm QT.005123.Kskhoangr 370m về phía 140o nằm cạnh biển báo chỉ đường quanh co 10m
48,106.5620945,16.80648061,Hướng Hóa,Hướng Việt,Đèo Sa Mù,975,650,Quy mô trung bình,"Điểm khảo sát cách cột Km192 khoảng 60m về phía 220o; cách đỉnh 978,2m khoảng 800m về phía 105o"
49,106.5635793,16.80112442,Hướng Hóa,Hướng Việt,Đèo Sa Mù,680,453.33,Quy mô trung bình,"Cách điểm QT.005137.KS khoảng 400m về phía 200o, nằm cách đỉnh cao 978,2m khoảng 700m về phía 150o"
50,106.5662461,16.80446776,Hướng Hóa,Hướng Việt,Đèo Sa Mù,180,180,Quy mô nhỏ,Cách điểm QT.005138.KS khoảng 640m về phía 160o
51,106.5671051,16.80499776,Hướng Hóa,Hướng Việt,Đèo Sa Mù,810,540,Quy mô trung bình,Cách điểm QT.005139.KS khoảng 460m về phía 45o
52,106.7224923,16.50989125,Hướng Hóa,Hướng Phùng,Đèo Sa Mù,2600,1040,Quy mô lớn,Cách cột mốc Km195 khoảng 50m về phía 110o
53,106.5739464,16.80578614,Hướng Hóa,Hướng Phùng,Đèo Sa Mù,50,50,Quy mô nhỏ,Cách cột Km196 khoảng 70m về phía 80o
54,106.5751899,16.8063278,Hướng Hóa,Hướng Phùng,Đèo Sa Mù,324,216,Quy mô trung bình,Cách điểm QT.005142.KS khoảng 150m về phía 75o
55,106.5767219,16.80590475,Hướng Hóa,Hướng Phùng,Đèo Sa Mù,50,50,Quy mô nhỏ,Cách điểm QT.005143.KS khoảng 175m về phía 75o
56,106.5801178,16.80585594,Hướng Hóa,Hướng Phùng,Đèo Sa Mù,60,60,Quy mô nhỏ,Cách điểm QT.005143.KS khoảng 175m về phía 75o
57,106.6016978,16.78706692,Hướng Hóa,Hướng Phùng,Đèo Sa,3360,1344,Quy mô lớn,Cách cột Km201 khoảng 50m về phía 50o
58,106.6004742,16.78637196,Hướng Hóa,Hướng Phùng,Đèo Sa Mù,525,350,Quy mô trung bình,Nằm cách đỉnh cao 1141m khoảng 600m về phía 345o
59,106.5992375,16.78619189,Hướng Hóa,Hướng Phùng,Đèo Sa Mù,1800,720,Quy mô lớn,Nằm cách đỉnh cao 1141m khoảng 640m về phía 340o cách điểm QT.005151.KS khoảng 130m về phía 260o
60,106.5973853,16.78553781,Hướng Hóa,Hướng Phùng,Đèo Sa Mù,378,252,Quy mô trung bình,Cách điểm QT.005152.KS khoảng 210m về phía 70o
61,106.5965565,16.78472807,Hướng Hóa,Hướng Phùng,Đèo Sa Mù,200,133.33,Quy mô trung bình,"Cách điểm QT.005153.KS khoảng 125m về phía 220o nằm tại sườn phía nam của đỉnh cao 947,1"
62,106.5960519,16.7844807,Hướng Hóa,Hướng Phùng,Đèo Sa Mù,225,150,Quy mô trung bình,Cách điểm QT.005154.KS khoảng 60m về phía 240o
63,106.587204,16.96040612,Hướng Hóa,Hướng Lập,Đèo Thôn Trì,2475,990,Quy mô lớn,"Cách điểm QT.005157.KS khoảng 500m về phía 220o, cách đỉnh cao 743,7m khoảng 740m về phía 150o"
64,106.5804244,16.95815464,Hướng Hóa,Hướng Lập,Đèo Thôn Trì,100,100,Quy mô nhỏ,Cách điểm QT.005158.KS khoảng 770m về phía 220o
65,106.5498513,16.96041511,Hướng Hóa,Hướng Lập,,4435,1774,Quy mô lớn,"Từ điểm đứng quan sát về phía 290o, tại sườn phía 140o của đỉnh cao 931,5m, chênh cao so với đỉnh khoảng 40-60o"
66,106.5859603,16.94469541,Hướng Hóa,Hướng Lập,Trì,150,150,Quy mô nhỏ,Cách điểm QT.005162.KS khoảng 110m về phía 190o
67,106.5828445,16.93710283,Hướng Hóa,Hướng Lập,Đèo Thôn Trì,220,146.67,Quy mô trung bình,Cách điểm trường thôn Cộp 200m về phía 270o
68,107.2458635,16.58838797,Hải Lăng,Hải Chánh,,40,40,Quy mô nhỏ,Nằm cách đỉnh cao 121m khoảng 75m về phía đông nam
69,107.2525201,16.59238807,Hải Lăng,Hải Sơn,,126,126,Quy mô nhỏ,"Cách điểm QT.005177.KS khoảng 840m về phía 70o; cách đỉnh cao 118,5m khoảng 150m về phía 30o"
70,107.1803746,16.60726139,Hải Lăng,Hải Trường,,30,30,Quy mô nhỏ,"Cách điểm QT.005216.KS khoảng 260m về phía 170o; nằm cách đỉnh cao 206m khoảng 1,1km về phía 70o"
71,107.1820408,16.60330097,Hải Lăng,Hải Trường,,42,42,Quy mô nhỏ,"Cách điểm QT.005217.KS khoảng 400m về phía 170o, tại sườn phía tây nam của đỉnh cao 121,5m"
72,107.1902609,16.59628473,Hải Lăng,Hải Trường,,30,30,Quy mô nhỏ,"Cách đỉnh cao 142,9m khoảng 160m về phía 310o"
73,106.7033153,16.61985882,Hướng Hóa,Tân Liên,Tân Hòa,20,20,Quy mô nhỏ,"Sau nhà hàng khói 1990 thuộc thôn Tân Hòa, xã Tân Liên"
74,106.6756289,16.60268905,Hướng Hóa,Tân Lập,Tân Thuận,40,40,Quy mô nhỏ,"Tại taluy dương gần với đường QL9, cách cây xăng số 4 khoảng 150m về phía 210o"
75,106.6468225,16.60839443,Hướng Hóa,Tân Long,Xi Núc,25,25,Quy mô nhỏ,"Tại taluy dương đường liên bản thuộc thôn Xi Núc, xã Tân Long"
76,106.6471666,16.61813645,Hướng Hóa,Tân Thành,,36,36,Quy mô nhỏ,Cách điểm khảo sát QT.006080.KS khoảng 600m về phía đông nam khoảng 110o
77,106.629783,16.6235158,Hướng Hóa,Tân Thành,,15,15,Quy mô nhỏ,"Cách điểm khảo sát QT.006094.KS khoảng 600m về phía nam, tại vách taluy dương thuộc xã Tân Thành"
78,106.7623603,16.71803574,Hướng Hóa,Hướng Linh,Hông- Thôn Cốc,60,60,Quy mô nhỏ,"Cách trạm Y tế xã Hướng Linh khoảng 250m về phía đông; cách đỉnh 608,6m khoảng 850m về phía 160o; cách đỉnh 528,4m khoảng 1,2km về phía 115o, tại đường giao thông liên bản"
79,106.7704169,16.72203227,Hướng Hóa,Hướng Linh,Hông- Thôn Cốc,205,136.67,Quy mô trung bình,Cách điểm khảo sát QT.006096.KS khoảng 950m về phía đông bắc khoảng 60o
80,106.7937387,16.72010064,Hướng Hóa,Hướng Linh,Hông- Thôn Cốc,55,55,Quy mô nhỏ,Cách điểm khảo sát QT.006105.KS khoảng 750m về phía đông bắc khoảng 70o; tại vách taluy dương đường giao thông liên tỉnh thuộc xã Hướng Linh
81,106.7974566,16.71932719,Hướng Hóa,Hướng Linh,,780,520,Quy mô trung bình,Cách điểm khảo sát QT.006107.KS khoảng 420m về phía đông nam khoảng 100o
82,106.7988574,16.71872997,Hướng Hóa,Hướng Linh,,1200,480,Quy mô lớn,"Cách điểm QT.006108.KS khoảng 100m về phía đông nam khoảng 115o, tại vách taluy dương đường liên huyện thuộc xã Hướng Linh"
83,106.8006805,16.72106266,Hướng Hóa,Hướng Linh,,400,266.67,Quy mô trung bình,Cách điểm QT.006109.KS khoảng 320m về phía đông bắc khoảng 40o
84,106.6449233,16.72515948,Hướng Hóa,Hướng Phùng,Cộp,85,85,Quy mô nhỏ,"Cách điểm QT.006112.KS khoảng 700m về phía đông nam khoảng 120o, tại vách taluy dương bên phải đường từ thôn Cộp đi thôn Pa Kông"
85,106.6573927,16.72125646,Hướng Hóa,Hướng Linh,Miết,130,130,Quy mô nhỏ,"Cách điểm QT.006114.KS khoảng 950m về phía đông nam khoảng 100o, tại vách taluy dương bên phải đường hướng đi thôn Pa Kông"
86,106.6658663,16.71619753,Hướng Hóa,Hướng Linh,Pa Kông,640,426.67,Quy mô trung bình,"Cách điểm QT.006115.KS khoảng 1km về phía đông nam khoảng 120o, tại vách taluy dương bên phải đường từ thôn Miết đi thôn Pa Kông"
87,106.6656269,16.7047757,Hướng Hóa,Hướng Linh,Pa Kông,130,130,Quy mô nhỏ,"Cách điểm QT.006117.KS khoảng 700m về phía tây nam khoảng 205o, tại taluy dương bên phải đường từ thôn Pa Kông đi TT. Khe Sanh"
88,106.6697744,16.70288699,Hướng Hóa,Hướng Linh,Pa Kông,75,75,Quy mô nhỏ,"Cách điểm QT.006118.KS khoảng 700m về phía đông nam khoảng 130o, tại taluy dương bên phải đường từ thôn Pa Kông đi TT. Khe Sanh"
89,106.6746867,16.69884371,Hướng Hóa,Hướng Linh,,25,25,Quy mô nhỏ,"Cách điểm QT.006119.KS khoảng 200m về phía đông nam khoảng 130o, tại taluy dương bên phải đường gần với cột mốc H7, Km226 đường Hồ Chí Minh nhánh Tây"
90,106.6794931,16.69245954,Hướng Hóa,Hướng Linh,,18,18,Quy mô nhỏ,"Cách điểm QT.006120.KS khoảng 900m về phía đông nam khoảng 145o, tại taluy dương bên phải đường hướng từ thôn Pa Kông đi TT. Khe Sanh"
91,106.5688018,16.75251816,Hướng Hóa,Hướng Phùng,Cheng,55,55,Quy mô nhỏ,"Vách taluy dương bên phải đường hướng từ trung tâm xã Hướng Phùng đi thôn Chênh Vênh tại địa phận thuộc thôn Cheng, cách đỉnh 607,8m khoảng 300m về phía Nam"
92,106.5688549,16.75294316,Hướng Hóa,Hướng Phùng,Cheng,170,170,Quy mô nhỏ,"Cách điểm QT.006122.KS khoảng 50m về phía 50, tại taluy do người dân xẻ núi làm nhà thuộc thôn Cheng"
93,106.5682791,16.75595675,Hướng Hóa,Hướng Phùng,Cheng,230,153.33,Quy mô trung bình,"Cách điểm QT.006123.KS khoảng 300m về phía tây bắc khoảng 350o, tại taluy dương đường Hồ Chí Minh, gần cột mốc H1, Km210"
94,106.5661494,16.75985396,Hướng Hóa,Hướng Phùng,Cheng,200,133.33,Quy mô trung bình,"Cách điểm QT.006125.KS khoảng 600m về phía tây bắc, tại taluy dương đường Hồ Chí Minh nhánh Tây, gần Km209 thuộc thôn Cheng"
95,106.5643782,16.76094387,Hướng Hóa,Hướng Phùng,Cheng,25,25,Quy mô nhỏ,"Cách điểm QT.006126.KS khoảng 200m về phía 300o, tại taluy dương đường Hồ Chí Minh nhánh Tây, gần cột mốc H8, Km208 thuộc thôn Cheng"
96,106.5661514,16.75333094,Hướng Hóa,Hướng Phùng,Cheng,55,55,Quy mô nhỏ,"Cách điểm QT.006127.KS khoảng 300m về phía Tây - tay bắc khoảng 280o, tại sườn núi thuộc thôn Cheng"
97,106.5650618,16.7673271,Hướng Hóa,Hướng Phùng,Chênh Vênh,240,160,Quy mô trung bình,"Cách điểm QT.006131.KS khoảng 200m về phía đông bắc khoảng 30o, tại taluy dương đường HCM Tây thuộc thôn Chênh Vênh"
98,106.5792953,16.77772527,Hướng Hóa,Hướng Phùng,Chênh Vênh,220,146.67,Quy mô trung bình,"Cách điểm QT.006140.KS khoảng 100m về phía tây bắc, tại vách taluy dương bên phải đường từ xã Hướng Phùng đi xã Hướng Lập"
99,106.5789611,16.77852705,Hướng Hóa,Hướng Phùng,,220,146.67,Quy mô trung bình,"Cách điểm QT.006141.KS khoảng 120m về phía tây bắc, tại vách taluy dương đường Hồ Chí Minh nhánh Tây, thuộc xã Hướng Phùng"
100,106.5805305,16.77936003,Hướng Hóa,Hướng Phùng,,270,180,Quy mô trung bình,"Cách điểmQT.006142.KS khoảng 200m về phía đông bắc khoảng 65o, tại cột mốc H9, Km204 đường Hồ Chí Minh nhánh Tây, thuộc xã Hướng Hóa"
101,106.5812418,16.77955466,Hướng Hóa,Hướng Phùng,,1100,440,Quy mô lớn,"Cách điểm QT.066143.KS khoảng 80m về phía đông - đông bắc, tại taluy dương lưng chừng đèo Sa Mù đường Hồ Chí Minh nhánh Tây, thuộc xã Hướng Phùng"
102,106.5849772,16.77918283,Hướng Hóa,Hướng Phùng,,40,40,Quy mô nhỏ,"Cách điểm QT.006144.KS khoảng 40m về phía đông, tại taluy dương đường Hồ Chí Minh, thuộc xã Hướng Phùng"
103,106.5864104,16.7794095,Hướng Hóa,Hướng Phùng,,35,35,Quy mô nhỏ,"Tại vách taluy dương đường Hồ Chí Minh, trên đèo Sa Mù thuộc xã Hướng Phùng"
104,106.5874387,16.78113315,Hướng Hóa,Hướng Phùng,,550,366.67,Quy mô trung bình,"Cách điểm QT.006147.KS khoảng 250m về phía bắc, cách cầu Sen Bụt khoảng 200m về phía tây bắc khoảng 300o tại taluy trái đường Hồ Chí Minh, hướng từ xã Hướng Phùng đi Hướng Việt"
105,106.5912836,16.78499925,Hướng Hóa,Hướng Phùng,,510,340,Quy mô trung bình,"Cách điểm QT.006148.KS khoảng 650m về phía đông bắc khoảng 50o, tại taluy trái đường Hồ Chí Minh, hướng từ xã Hướng Phùng đi Hướng Việt"
106,106.5946139,16.78616942,Hướng Hóa,Hướng Phùng,,150,150,Quy mô nhỏ,"Cách điểm QT.006149.KS khoảng 400m về phía đông bắc khoảng 65o, tại taluy dương gần Km202 đường Hồ Chí Minh"
107,106.5952668,16.78410492,Hướng Hóa,Hướng Phùng,,45,45,Quy mô nhỏ,"Cách điểm QT.006150.KS khoảng 300m về phía nam, đông nam khoảng 80o, tại taluy dương bên trái đường từ xã Hướng Phùng đi xã Hướng Việt"
108,106.5937018,16.78010991,Hướng Hóa,Hướng Phùng,,758,505.33,Quy mô trung bình,Đứng tại điểm QT.006151.KS nhìn về phía 155o khoảng 500m
109,106.5857015,16.93788154,Hướng Hóa,Hướng Lập,Cộp,240,160,Quy mô trung bình,"Tại thôn Cộp, xã Hướng Lập cách trường mầm non khoảng 150m về phía 40o, cách đỉnh 498,8 khoảng 1km về phía 100o"
110,106.5792129,16.9169576,Hướng Hóa,Hướng Lập,,230,153.33,Quy mô trung bình,"Cách điểm QT.006157.KS khoảng 250m về phía tây nam 210o, tại taluy dương bên trái đường hướng từ bản Cộp đi bản Sê Pu, thuộc xã Hướng Lập"
111,106.5732115,16.90878471,Hướng Hóa,Hướng Lập,Cộp,2670,1068,Quy mô lớn,"Cách điểm QT.006160.KS khoảng 450m về phía tây nam 250o, gần cột mốc H2, Km173 đường Hồ Chí Minh, thuộc thôn Cộp, xã Hướng Lập"
112,106.590743,16.76801024,Hướng Hóa,Hướng Phùng,,1806,722.4,Quy mô lớn,"Đứng tại điểm khảo sát QT.006177.KS, nhìn về hướng 325o, cách khoảng 1km"
113,106.5932657,16.74886474,Hướng Hóa,Hướng Phùng,,1376,550.4,Quy mô lớn,"Đứng tại điểm có tọa độ (349673; 1853246) gần cột mốc Km2, đường liên xã Hướng Phùng - Hướng Sơn nhìn về hướng 140o, cách khoảng 520m"
114,106.58243,16.74955853,Hướng Hóa,Hướng Phùng,Xa Ry,400,266.67,Quy mô trung bình,"Cách điểm QT.006183.KS khoảng 550m về phía tây nam khoảng 240o, tại taluy dương bên trái đường từ thôn Xa Ry đi Hướng Phùng"
115,106.5817106,16.74921026,Hướng Hóa,Hướng Phùng,Xa Ry,5400,2160,Quy mô lớn,"Tại vách taluy âm đường liên xã, thuộc thôn Xa Ry, xã Hướng Phùng"
116,106.5813926,16.74782576,Hướng Hóa,Hướng Phùng,Xa Ry,1125,450,Quy mô lớn,"Cách điểm QT.006186.KS khoảng 150m về phía nam tây nam khoảng 1900, tại taluy dương đường thuộc thôn Xa Ry"
117,106.6142716,16.76554968,Hướng Hóa,Hướng Phùng,,115,115,Quy mô nhỏ,"Đứng tại điểm có tọa độ (351902; 1854659) nhìn về hướng 85o, cách khoảng 400m"
118,106.6143905,16.76595704,Hướng Hóa,Hướng Phùng,,981,654,Quy mô trung bình,"Đứng tại điểm có tọa độ (351902; 1854695) nhìn về hướng 87o, cách khoảng 450m"
119,106.6145288,16.7727612,Hướng Hóa,Hướng Phùng,,153,153,Quy mô nhỏ,Đứng tại điểm có tọa độ (351902; 1854695)
120,106.6148514,16.76706239,Hướng Hóa,Hướng Phùng,,809,539.33,Quy mô trung bình,"Đứng tại điểm có tọa độ (351798; 1854965) nhìn về hướng 103o, cách khoảng 450m"
121,106.6144939,16.76851459,Hướng Hóa,Hướng Phùng,,774,516,Quy mô trung bình,"Đứng tại điểm có tọa độ (351798; 1854965) nhìn về hướng 85o, cách khoảng 500m"
122,106.6078298,16.76799988,Hướng Hóa,Hướng Phùng,,4145,1658,Quy mô lớn,"Đứng tại điểm có tọa độ (351798; 1854965) nhìn về hướng 85o, cách khoảng 500m"
123,106.6125573,16.77046212,Hướng Hóa,Hướng Phùng,,112,112,Quy mô nhỏ,"Đứng tại điểm có tọa độ (352019; 1855207) nhìn về hướng 80o, cách khoảng 150m"
124,106.6085489,16.77099525,Hướng Hóa,Hướng Phùng,,43,43,Quy mô nhỏ,"Đứng tại điểm có tọa độ (351857; 1855269) nhìn về hướng 80o, cách khoảng 150m"
125,106.6081811,16.77128188,Hướng Hóa,Hướng Phùng,,171,171,Quy mô nhỏ,Đứng tại điểm có tọa độ (351857; 1855269) nhìn về hướng 285o
126,106.6151837,16.76521248,Hướng Hóa,Hướng Sơn,,101,101,Quy mô nhỏ,"Đứng tại điểm có tọa độ (352465; 1854337) nhìn về hướng 340o, cách khoảng 350m"
127,106.6193301,16.76112041,Hướng Hóa,Hướng Sơn,Ra Ly,252,168,Quy mô trung bình,"Tại vách taluy dương bên phải đường hướng từ xã Hướng Phùng đi xã Hướng Sơn, thuộc thôn Ra Ly"
128,106.6200124,16.76143216,Hướng Hóa,Hướng Sơn,Ra Ly,48,48,Quy mô nhỏ,"Cách điểm QT.006203.KS khoảng 90m về phía đông bắc khoảng 15o, tại taluy dương bên phải đường từ xã Hướng Phùng đi xã Hương Sơn"
129,106.6187173,16.76807313,Hướng Hóa,Hướng Sơn,,3001,1200.4,Quy mô lớn,"Đứng tại điểm QT.006205.KS, nhìn về hướng 350o khoảng 750m là điểm quan sát"
130,106.7934021,16.59123504,Hướng Hóa,Húc,Cu Dong,270,180,Quy mô trung bình,"Là một vách taluy bên trái đường thuộc đường dân sinh thôn Cu Dong; cách đỉnh 426,1m khoảng 400m về phía 120o"
131,106.7801953,16.6971255,Hướng Hóa,Hướng Linh,Cốc,40,40,Quy mô nhỏ,"Điểm khảo sát cách điểm QT,007101.KS khoảng 800m về phía tây bắc, là một vách taluy bên trái đường từ thôn Cốc đi thủy điện Khe Nghi"
132,106.7807673,16.69561997,Hướng Hóa,Hướng Linh,Cốc,126,126,Quy mô nhỏ,"Điểm khảo sát là một vách taluy bên trái đường từ thôn Cốc đi Quốc lộ 9, cách điểm QT.007102.KS khoảng 150m về phía tây bắc"
133,106.7910854,16.67685069,Hướng Hóa,Hướng Linh,Cốc,42,42,Quy mô nhỏ,"Là một vách taluy bên trái đường từ thôn Cốc đi lên Quốc lộ 9, cách điểm QT07108.KS khoảng 850m về phía đông bắc"
134,106.791249,16.67618303,Hướng Hóa,Hướng Linh,Cốc,660,440,Quy mô trung bình,"Vách taluy bên trái đường, cách điểm khảo sát QT.007110.KS khoảng 90m về phía tây bắc"
135,106.7354736,16.71886685,Hướng Hóa,Hướng Linh,Xa Bài,33,33,Quy mô nhỏ,"Vách taluy bên phải đường dân sinh thôn Xa Bài, cách trường phổ thông cơ sở Hướng Linh khoảng 1km về phía đông nam"
136,106.744043,16.63563176,Hướng Hóa,Tân Hợp,Tân Xuyên,360,240,Quy mô trung bình,"Vách taluy bên phải đường quốc lộ 9, cách trường trung học cơ sở xã Tân Hợp khoảng 100m về phía đông bắc"
137,106.7463628,16.5814246,Hướng Hóa,Hướng Tâm,Ho Lê,65,65,Quy mô nhỏ,Vị trí khảo sát cách cống Ta Ry II khoảng 5m theo hướng 80o
138,106.7457769,16.56917813,Hướng Hóa,Hướng Linh,Ho Lê,65,65,Quy mô nhỏ,Điểm khảo sát gần cổng Ho Le 1 cách khoảng 5m theo hướng 40o
139,106.7581044,16.57386005,Hướng Hóa,Hướng Lộc,Ho Lê,20,20,Quy mô nhỏ,Vách taluy bên phải đường cách điểm QT.008056.KS khoảng 750m về phía đông bắc
140,106.6754617,16.62981147,Hướng Hóa,TT. Khe,,95,95,Quy mô nhỏ,"Sườn phía đông của đỉnh 523,4m chênh cao 30m, cách đỉnh 60m, cách đỉnh 416,9 khoảng 270m theo hướng 200o"
141,106.853458,16.63812634,Đakrông,Đakrông,,65,65,Quy mô nhỏ,"Taluy dương đường Hồ Chí Minh, thuộc xã Đakrông"
142,106.8704734,16.60213109,Đakrông,Ba Nang,Đá Đỏ,99,99,Quy mô nhỏ,"Tại taluy dương của đường nhựa, thuộc thôn Đá Đỏ, xã Ba Nang"
143,106.8715613,16.58430953,Đakrông,Ba Nang,Tà Rẹc,30,30,Quy mô nhỏ,"Tại taluy dương đường đất thuộc thôn Tà Rẹc, xã Ba Nang"
144,106.8945917,16.53025442,Đakrông,Ba Nang,Bù,182,182,Quy mô nhỏ,"Tại taluy dương của đường bê tông chạy dọc biên giới Lào, thuộc thôn Bù, xã Ba Nang"
145,106.8984351,16.52150094,Đakrông,Tà Long,Ba Ngày,465,310,Quy mô trung bình,"Tại taluy dương của đường bê tông chạy dọc biên giới, sát bờ trái khe suối theo hướng dòng chảy, thuộc thôn Ba Ngày"
146,106.8032364,16.72469165,Đakrông,Hướng Hiệp,,884,589.33,Quy mô trung bình,"Tại taluy dương của đường đất vào khu vực điện gió, thuộc xã Hướng Hiệp"
147,106.8046348,16.72750073,Đakrông,Hướng Hiệp,,54,54,Quy mô nhỏ,"Tại taluy dương của đường đất vào khu vực điện gió, thuộc xã Hướng Hiệp"
148,106.8052503,16.72954629,Đakrông,Hướng Hiệp,,1240,496,Quy mô lớn,"Tại taluy dương của đường đất vào khu vực điện gió, thuộc xã Hướng Hiệp"
149,106.9162703,16.50460677,Đakrông,Tà Long,Ba Ngày,91,91,Quy mô nhỏ,"Tại taluy dương của đường bê tông dọc biên giới Lào, thuộc thôn Ba Ngày, xã Tà Long"
150,106.9125244,16.49780135,Đakrông,Tà Long,Ba Ngày,63,63,Quy mô nhỏ,"Tại taluy dương của đường bê tông dọc biên giới Lào, thuộc thôn Ba Ngày, xã Tà Long"
151,106.8435557,16.64207417,Đakrông,,,87,87,Quy mô nhỏ,"Điểm quan sát nằm về phía 85o, cách vị trí đứng quan sát khoảng 300m"
152,106.9664074,16.50469805,Đakrông,,,1730,692,Quy mô lớn,"Điểm quan sát nằm về phía 197o, cách vị trí đứng quan sát khoảng 2,3km"
153,106.9669738,16.50385146,Đakrông,,,4707,1882.8,Quy mô lớn,"Điểm quan sát nằm về phía 195o, cách vị trí đứng quan sát khoảng 2,5km"
154,106.9885177,16.57730244,Đakrông,,,4127,1650.8,Quy mô lớn,"Điểm quan sát nằm về phía 85o, cách vị trí đứng quan sát khoảng 2,8km"
155,106.9696847,16.5842672,Đakrông,,,715,476.67,Quy mô trung bình,"Điểm quan sát nằm về phía 70o, cách vị trí đứng quan sát khoảng 1,5km"
156,106.9654408,16.62263987,Đakrông,,,11036,3153.14,Quy mô rất lớn,"Điểm quan sát nằm về phía 150o, cách vị trí đứng quan sát khoảng 3km"
157,107.0552685,16.39011381,Đakrông,A Bung,Cựp,104,104,Quy mô nhỏ,"Tại taluy dương của đường bê tông vào thôn Cụp, xã A Bung"
158,107.005455,16.35022414,Đakrông,A Ngo,A Đeng,859,572.67,Quy mô trung bình,"Điểm quan sát nằm về phía 160o cách vị trí đứng khoảng 1,2km."
159,106.9353246,16.40270637,Đakrông,,,118,118,Quy mô nhỏ,Điểm quan sát nằm về phía 110o cách vị trí đứng quan sát khoảng 600m
160,106.9342209,16.40597182,Đakrông,,,100,100,Quy mô nhỏ,Điểm quan sát nằm về phía 70o cách vị trí đứng quan sát khoảng 500m
161,106.9228423,16.41016073,Đakrông,,,560,373.33,Quy mô trung bình,"Điểm quan sát nằm về phía 330o cách vị trí đứng quan sát khoảng 1,1km"
162,106.9258363,16.40024548,Đakrông,,,61,61,Quy mô nhỏ,Điểm quan sát nằm về phía 250o cách vị trí đứng quan sát khoảng 300m
163,106.9336476,16.38746311,Đakrông,,,273,182,Quy mô trung bình,Điểm quan sát nằm về phía 190o cách vị trí đứng quan sát khoảng 800m
164,106.9385469,16.39541251,Đakrông,,,120,120,Quy mô nhỏ,Điểm quan sát nằm về phía 65o cách vị trí đứng quan sát khoảng 250m
165,106.9378807,16.39399048,Đakrông,A Vao,Tân Đi 2,66,66,Quy mô nhỏ,"Tại taluy dương của đường đất thuộc thôn Tân Đi 2, xã A Vao"
166,106.944493,16.38465337,Đakrông,,,180,180,Quy mô nhỏ,Điểm quan sát nằm về phía 190o cách vị trí đứng quan sát khoảng 500-600m
167,106.9296504,16.37378031,Đakrông,,,251,167.33,Quy mô trung bình,"Điểm quan sát nằm về phía 265o cách vị trí đứng quan sát khoảng 1,9km"
168,106.9465371,16.3665553,Đakrông,,,887,591.33,Quy mô trung bình,Điểm quan sát nằm về phía 160o cách vị trí đứng quan sát khoảng 1km
169,106.9019496,16.82025875,Cam Lộ,Cam Tuyền,Bản Chùa,45,45,Quy mô nhỏ,Tại taluy dương của đường đất khai thác rừng thuộc Bản Chùa
170,106.9035338,16.82211047,Cam Lộ,Cam Tuyền,Bản Chùa,90,90,Quy mô nhỏ,Tại taluy dương của đường đất khai thác rừng thuộc Bản Chùa
171,106.9040206,16.82228475,Cam Lộ,Cam Tuyền,Bản Chùa,45,45,Quy mô nhỏ,Tại taluy dương của đường đất khai thác rừng thuộc Bản Chùa
172,106.8069819,16.73305302,Đakrông,Hướng Hiệp,Hà Bạc,45,45,Quy mô nhỏ,"Tại thôn Hà Bạc, xã Hướng Hiệp"
173,106.9365538,16.51385533,Đakrông,Tà Long,A Đu,225,150,Quy mô trung bình,"Điểm khảo sát nằm sát mép đường biên giới Việt Lào tại thôn A Đu, xã Tà Long."
174,106.9329115,16.5868469,Đakrông,Đakrông,,169,169,Quy mô nhỏ,"Tại vị trí QT.011001.KS nhìn về hướng 230o cách khoảng 500m, tại sườn núi bên bờ trái sông Đakrông"
175,106.9313114,16.58643207,Đakrông,Đakrông,,70,70,Quy mô nhỏ,Tại vị trí QT.011003.KS nhìn về hướng 160o cách khoảng 700m
176,106.9406561,16.58938941,Đakrông,Tà Long,Vôi,55,55,Quy mô nhỏ,"Tại taluy dương của đường mòn Hồ Chí Minh, bên trái theo hướng hành trình"
177,106.9607738,16.57026235,Đakrông,Tà Long,Sa Ta,45.5,45.5,Quy mô nhỏ,Điểm khảo sát cách cầu Tà Lòng 500m về phía Đông Nam
178,106.9556594,16.54219819,Đakrông,,,134,134,Quy mô nhỏ,"Từ điểm QT.011022.KS nhìn theo hướng 310o, cách khoảng 550m"
179,106.8455997,16.56820114,Đakrông,Ba Nang,,8,8,Quy mô nhỏ,Đường liên thôn đi từ thôn Đá Bàn sang thôn Cóc thuộc xã Ba Nàng
180,106.8915914,16.54057549,Đakrông,,,49,49,Quy mô nhỏ,Điểm quan sát cách điểm QT.011032 khoảng 300m nhìn theo hướng 160o
181,106.8434243,16.72940217,Đakrông,,,157,157,Quy mô nhỏ,"Từ điểm QT.011045.KS nhìn theo hướng 340o, cách khoảng 550m"
182,106.845726,16.73022825,Đakrông,,,761,507.33,Quy mô trung bình,"Từ điểm QT.011045.KS nhìn theo hướng 350o, cách khoảng 1,3km"
183,107.0145696,16.54341551,Đakrông,,,30636,6127.2,Quy mô đặc biệt lớn,"Từ điểm QT.011058.KS nhìn về phía 340o, cách khoảng 4,7km"
184,106.7135394,16.77248156,Đakrông,,,6018,1719.43,Quy mô rất lớn,"Từ điểm QT.011070.KS nhìn về hướng 230o, cách khoảng 4,5km"
185,106.7807528,16.63722403,Đakrông,Đakrông,Làng Cát,15,15,Quy mô nhỏ,Tại Km57+100 Quốc lộ 9 tại vách taluy bên trái đường hướng Khe Sanh - Đakrông
186,106.7933903,16.63813819,Đakrông,Đakrông,Làng Cát,60,60,Quy mô nhỏ,Tại Km55+100 Quốc lộ 9 tại vách taluy bên trái đường hướng Khe Sanh - Đakrông
187,106.839575,16.66654741,Đakrông,Đakrông,Xóm Rò,8,8,Quy mô nhỏ,Tại Km46+800 Quốc lộ 9
188,106.8485835,16.66963362,Đakrông,Đakrông,Xóm Rò,6,6,Quy mô nhỏ,Tại Km45+800 Quốc lộ 9
189,106.9255003,16.66754387,Đakrông,Mò Ó,Ba Rầu,13,13,Quy mô nhỏ,"Tại Km5+800 Tỉnh lộ 508A thuộc thôn Ba Rầu, xã Mò Ó"
190,106.9747615,16.51902517,Đakrông,Húc Nghì,Húc Nghì,165,165,Quy mô nhỏ,Cách ngã ba Km278+300m
191,106.9740539,16.51821749,Đakrông,Húc Nghì,Húc Nghì,60,60,Quy mô nhỏ,"Thôn Húc Nghì, xã Húc Nghì"
192,106.9694824,16.50944811,Đakrông,Húc Nghì,Húc Nghì,38,38,Quy mô nhỏ,Cách cầu đi qua sông Đakrong 20m về hướng 80o
193,106.9830232,16.51546018,Đakrông,Húc Nghì,Húc Nghì,1250,500,Quy mô lớn,Cách đường Quốc lộ 14 khoảng 300m hướng về phía 110o
194,106.9858473,16.47501033,Đakrông,Húc Nghì,37,740,493.33,Quy mô trung bình,Tại Km287+300m Quốc lộ 14
195,106.9762414,16.48343038,Đakrông,Húc Nghì,37,50,50,Quy mô nhỏ,Tại Km285+900 Quốc lộ 14 tại vách taluy dương của đường
196,106.9779866,16.3195775,Đakrông,A Ngo,La Hay,18,18,Quy mô nhỏ,"Tại Km10+200 Quốc lộ 15D, thôn La Lay, xã A Ngo"
197,106.9476661,16.4003559,Đakrông,A Vao,Tân Đi 1,3200,1280,Quy mô lớn,"Taluy đường tuyến liên thôn, thuộc thôn Tân Đi 1, xã A Vao"
198,106.9478891,16.39892028,Đakrông,A Vao,Tân Đi 1,21,21,Quy mô nhỏ,Taluy đường bên trái hướng lộ trình thuộc thôn Tân Đi 1
199,106.9501783,16.38749204,Đakrông,A Vao,A Vao,22,22,Quy mô nhỏ,Taluy bên trái lộ trình cách ngã ba thôn A Vao khoảng 100m về phía thôn Tà Rụt
200,106.9647523,16.38404922,Đakrông,A Ngo,,200,133.33,Quy mô trung bình,"Taluy bên phải hướng lộ trình cách điểm độ cao 245,5m khoảng 150m về hướng đông - đông bắc"
201,106.9136446,16.45646783,Đakrông,A Vao,Ba Linh,135,135,Quy mô nhỏ,Taluy âm bên phải lộ trình cách ngã ba thôn
202,106.9182253,16.46120829,Đakrông,A Vao,,84,84,Quy mô nhỏ,Taluy bên trái lộ trình cách cột mốc A Vao 17km trên tuyến đường giao thông biên giới xã A Vao
203,106.9255467,16.46145379,Đakrông,A Vao,,16,16,Quy mô nhỏ,Taluy dương tại Km16 tuyến đường giao thông biên giới xã A Vao
204,107.0001435,16.49769651,Đakrông,Húc Nghì,,36,36,Quy mô nhỏ,"Taluy dương đường liên thôn, cách điểm độ cao 336,7 khoảng 350m về phía 260o, cách điểm độ cao 282,9 khoảng 250m về phía 5o"
205,107.1219531,16.44731431,Đakrông,Húc Nghì,,49121,9824.2,Quy mô đặc biệt lớn,"Nằm cách vị trí quan sát khoảng 4,5km về hướng 125o, cách ranh giới với Thừa Thiên Huế khoảng 400m"
206,106.89172,16.76755341,Cam Lộ,Cam Thành,,100,100,Quy mô nhỏ,"Vị trí quan sát cách đỉnh 112,7 khoảng 200m về phía 290o trên ngầm qua suối"
207,106.8937622,16.74687277,Cam Lộ,Cam Nghĩa,,915,610,Quy mô trung bình,"Vị trí cách vị trí quan sát khoảng 1km về hướng tây nam 215o, cách đỉnh 261,3 khoảng 350m về hướng 120o"
208,106.8986001,16.84464595,Cam Lộ,Cam Hiếu,,142,142,Quy mô nhỏ,"Điểm quan sát sườn phía nam tây nam của đỉnh 237,7. Vị trí cách đỉnh này khoảng 400m về hướng 190o"
209,106.9118858,16.85290305,Cam Lộ,Cam Tuyền,,50,50,Quy mô nhỏ,"Taluy dương phía trái hướng lộ trình, vị trí cách đỉnh 163,6 khoảng 200m về hướng 170o"
210,106.5494546,16.71314557,Hướng Hóa,Hướng Phùng,Khu vực cửa khẩu Cheng - thôn Xa Ry,160,160,Quy mô nhỏ,"Khu vực cửa khẩu Cheng - thôn Xa Ry, xã Hướng Phùng"
211,106.5691598,16.72592248,Hướng Hóa,Hướng Phùng,Hướng Đại,13,13,Quy mô nhỏ,"Vách taluy đào phía sau chuồng nuôi dê nhà bác Nguyễn Hữu Ổn, thôn Hướng Đại, xã Hướng Phùng"
212,106.5693676,16.82348031,Hướng Hóa,Hướng Việt,Chai,180,180,Quy mô nhỏ,"Taluy dương đường Hồ Chí Minh nhánh Tây, phía 290o so với đỉnh cao 805,0m"
213,106.5659599,16.81883083,Hướng Hóa,Hướng Việt,Chai,1875,750,Quy mô lớn,"Taluy dương Km190+100 đường Hồ Chí Minh nhánh Tây, thuộc thôn Chai, xã Hướng Việt"
214,106.5657911,16.81882965,Hướng Hóa,Hướng Việt,Chai,1200,480,Quy mô lớn,"Taluy âm Km190+100 đường Hồ Chí Minh nhánh Tây, thuộc thôn Chai, xã Hướng Việt"
215,106.5610896,16.81659235,Hướng Hóa,Hướng Việt,Chai,60,60,Quy mô nhỏ,"Taluy dương Km190+750 đường Hồ Chí Minh nhánh Tây, thuộc thôn Chai, xã Hướng Việt"
216,106.5605384,16.81629938,Hướng Hóa,Hướng Việt,Chai,132,132,Quy mô nhỏ,"Taluy dương Km190+800 đường Hồ Chí Minh nhánh Tây, thuộc thôn Chai, xã Hướng Việt"
217,106.5602638,16.815394,Hướng Hóa,Hướng Việt,Chai,270,180,Quy mô trung bình,"Taluy dương Km191+000 đường Hồ Chí Minh nhánh Tây, thuộc thôn Chai, xã Hướng Việt"
218,106.5796686,16.83844992,Hướng Hóa,Hướng Việt,Xa Đưng,300,200,Quy mô trung bình,"Taluy dương Km186+000 đường Hồ Chí Minh nhánh Tây, thuộc thôn Xa Đưng, xã Hướng Việt"
219,106.5803357,16.83831901,Hướng Hóa,Hướng Việt,Xa Đưng,162,162,Quy mô nhỏ,"Taluy dương Km185+900 đường Hồ Chí Minh nhánh Tây, thuộc thôn Xa Đưng, xã Hướng Việt"
220,106.5869436,16.84166224,Hướng Hóa,Hướng Việt,Xa Đưng,130,130,Quy mô nhỏ,"Taluy dương Km185+010 đường Hồ Chí Minh nhánh Tây, thuộc thôn Xa Đưng, xã Hướng Việt"
221,106.5912448,16.85119629,Hướng Hóa,Hướng Việt,Thôn Xa Đưng - Thôn Trăng,157,157,Quy mô nhỏ,"Điểm khảo sát nằm tại thôn Xa Đưng, xã Hướng Việt"
222,106.5943273,16.84541715,Hướng Hóa,Hướng Việt,Thôn Xa Đưng -,55,55,Quy mô nhỏ,"Điểm khảo sát nằm tại thôn Xa Đưng, xã Hướng Việt"
223,106.597236,16.83901338,Hướng Hóa,Hướng Việt,Thôn Xa Đưng - Thôn Trăng,85,85,Quy mô nhỏ,"Điểm khảo sát nằm tại thôn Xa Đưng, xã Hướng Việt"
224,106.5868494,16.84297162,Hướng Hóa,Hướng Việt,Xa Đưng,273,182,Quy mô trung bình,"Taluy dương Km184+010 đường Hồ Chí Minh nhánh Tây, thuộc thôn Xa Đưng, xã Hướng Việt"
225,106.5862263,16.84350038,Hướng Hóa,Hướng Việt,Xa Đưng,890,593.33,Quy mô trung bình,"Taluy dương Km184+680 đường Hồ Chí Minh nhánh Tây, thuộc thôn Xa Đưng, xã Hướng Việt"
226,106.5708043,16.86953072,Hướng Hóa,Hướng Việt,Tràng-Tà Puồng,210,140,Quy mô trung bình,"Taluy dương Km180+000 đường Hồ Chí Minh nhánh Tây, thuộc thôn Tràng-Tà Puồng, xã Hướng Việt"
227,106.7255429,16.84708693,Hướng Hóa,Hướng Sơn,Thôn Nguồn Rào - Làng Cát,104,104,Quy mô nhỏ,Điểm khảo sát nằm tại thôn Chìa xã Hướng Sơn
228,106.634818,16.76696973,Hướng Hóa,Hướng Sơn,Thôn Ra Ly - Thôn Nguồn Rào,110,110,Quy mô nhỏ,"Điểm khảo sát nằm tại thôn Ra Ly, xã Hướng Sơn"
229,106.6375379,16.76693352,Hướng Hóa,Hướng Sơn,Thôn Ra Ly - Thôn Nguồn Rào,27,27,Quy mô nhỏ,Điểm khảo sát nằm tại thôn Ra Ly xã Hướng Sơn
230,106.633654,16.77107289,Hướng Hóa,Hướng Sơn,Thôn Ra Ly - Thôn Nguồn Rào,118,118,Quy mô nhỏ,Điểm khảo sát nằm tại thôn Ra Ly xã Hướng Sơn
231,106.6515253,16.77027808,Hướng Hóa,Hướng Sơn,Nguồn Rào,360,240,Quy mô trung bình,"Taluy đào ở phía 220o so với đỉnh 671,9m, ở phía 245o so với đỉnh 586,3m, thuộc thôn Nguồn Rào, xã Hướng Sơn"
232,106.6069255,16.69628433,Hướng Hóa,Hướng Phùng,Mã Lai,47,47,Quy mô nhỏ,"Điểm khảo sát nằm tại thôn Mã Lai, xã Hướng Phùng"
233,106.5953006,16.69891617,Hướng Hóa,Hướng Phùng,Mã Lai,154,154,Quy mô nhỏ,"Điểm khảo sát nằm tại thôn Mã Lai, xã Hướng Phùng"
234,106.6316285,16.70800487,Hướng Hóa,Hướng Phùng,Cợp,440,293.33,Quy mô trung bình,"Nhà anh Phạm Văn Hải, thuộc thôn Cợp, xã Hướng Phùng"
235,106.6279407,16.90287087,Hướng Hóa,Hướng Lập,,52.2,52.2,Quy mô nhỏ,"Taluy dương đường liên thôn, cách đỉnh 394,2 khoảng 150m về hướng 250o"
236,106.6210091,16.90234545,Hướng Hóa,Hướng Lập,Quê,27,27,Quy mô nhỏ,"Vách taluy dương phía phải theo hướng hành trình cách đỉnh độ cao 547,8 chừng 550m theo hướng 300o"
237,106.6138021,16.89843894,Hướng Hóa,Hướng Lập,Quê,95,95,Quy mô nhỏ,"Taluy dương phía phải theo hướng hành trình, nằm về phía 170o so với đỉnh độ cao 415,2m cách khoảng 200m"
238,106.6090044,16.90001457,Hướng Hóa,Hướng Lập,Tri,520,346.67,Quy mô trung bình,"Vách taluy dương phía phải theo hướng hành trình cách đỉnh độ cao 384,5 chừng 140m theo hướng 40o"
239,106.6042202,16.90230391,Hướng Hóa,Hướng Lập,Tri,22,22,Quy mô nhỏ,"Vách taluy dương phía phải theo hướng hành trình cách đỉnh độ cao 456,8 chừng 400m theo hướng 340o"
240,106.6131291,16.67972892,Hướng Hóa,Tân Thạnh,,30,30,Quy mô nhỏ,"Nằm cách điểm QT018018.KS về hướng 105o khoảng 820m, cách đỉnh 783,5 về hướng 140o khoảng 420m, thuộc xã Tân Thạnh"
241,106.9762813,16.7745417,Cam Lộ,Cam Chính,,26,26,Quy mô nhỏ,Vị trí khảo sát cách điểm khảo sát QT.019049.KS khoảng 500m về hướng 230o
